parent_id,child_id,birth_order,adoptive
1,1.1,1,
1a,1.1,1,
1.1,1.1.1,1,
1.1a,1.1.1,1,
1.1,1.1.2,2,
1.1a,1.1.2,2,
1.1,1.1.3,3,
1.1a,1.1.3,3,
1.1.3,1.1.3.1,1,
1.1.3a,1.1.3.1,1,
1.1.3.1,1.1.3.1.1,1,
1.1.3.1a,1.1.3.1.1,1,
1.1.3.1.1,1.1.3.1.1.1,1,
1.1.3.1.1a,1.1.3.1.1.1,1,
1.1.3.1,1.1.3.1.2,2,
1.1.3.1a,1.1.3.1.2,2,
1.1.3,1.1.3.2,2,
1.1.3a,1.1.3.2,2,
1.1.3.2,1.1.3.2.1,1,
1.1.3.2a,1.1.3.2.1,1,
1.1.3.2,1.1.3.2.2,2,
1.1.3.2a,1.1.3.2.2,2,
1.1.3.2.2,1.1.3.2.2.1,1,TRUE
1.1.3.2.2a,1.1.3.2.2.1,1,
1.1.3.2.2,1.1.3.2.2.2,2,
1.1.3.2.2a,1.1.3.2.2.2,2,
1.1,1.1.4,4,
1.1a,1.1.4,4,
1.1,1.1.5,5,
1.1a,1.1.5,5,
1.1,1.1.6,6,
1.1a,1.1.6,6,
1.1.6,1.1.6.1,1,
1.1.6a,1.1.6.1,1,
1.1.6,1.1.6.2,2,
1.1.6a,1.1.6.2,2,
1.1.6.2,1.1.6.2.1,1,
1.1.6.2a,1.1.6.2.1,1,
1.1.6.2,1.1.6.2.2,2,
1.1.6.2a,1.1.6.2.2,2,
1.1.6.2,1.1.6.2.3,3,
1.1.6.2a,1.1.6.2.3,3,
1.1.6.2.3,1.1.6.2.3.1,1,
1.1.6.2.3a,1.1.6.2.3.1,1,
1.1.6.2.3,1.1.6.2.3.2,2,
1.1.6.2.3a,1.1.6.2.3.2,2,
1.1.6.2,1.1.6.2.4,4,
1.1.6.2a,1.1.6.2.4,4,
1,1.2,2,
1a,1.2,2,
1.2,1.2.1,1,
1.2a,1.2.1,1,
1,1.3,3,
1a,1.3,3,
1.3,1.3.1,1,
1.3a,1.3.1,1,
1.3.1,1.3.1.1,1,
1.3.1a,1.3.1.1,1,
1.3.1,1.3.1.2,2,
1.3.1a,1.3.1.2,2,
1.3,1.3.2,2,
1.3a,1.3.2,2,
1.3.2,1.3.2.1,1,
1.3.2a,1.3.2.1,1,
1.3.2.1,1.3.2.1.1,1,
1.3.2.1a,1.3.2.1.1,1,
1.3.2.1,1.3.2.1.2,2,
1.3.2.1a,1.3.2.1.2,2,
1.3.2.1.2,1.3.2.1.2.1,1,
1.3.2.1.2a,1.3.2.1.2.1,1,
1.3.2.1.2.1,1.3.2.1.2.1.1,1,
1.3.2.1.2.1a,1.3.2.1.2.1.1,1,
1.3.2.1.2.1,1.3.2.1.2.1.2,2,
1.3.2.1.2.1a,1.3.2.1.2.1.2,2,
1.3.2.1.2.1,1.3.2.1.2.1.3,3,
1.3.2.1.2.1a,1.3.2.1.2.1.3,3,
1.3.2.1.2,1.3.2.1.2.2,2,
1.3.2.1.2a,1.3.2.1.2.2,2,
1.3.2.1.2.2,1.3.2.1.2.2.1,1,
1.3.2.1.2.2a,1.3.2.1.2.2.1,1,
1.3.2.1,1.3.2.1.3,3,
1.3.2.1a,1.3.2.1.3,3,
1.3.2.1.3,1.3.2.1.3.1,1,
1.3.2.1.3a,1.3.2.1.3.1,1,
1.3.2.1.3,1.3.2.1.3.2,2,
1.3.2.1.3a,1.3.2.1.3.2,2,
1.3.2.1.3.2,1.3.2.1.3.2.1,1,
1.3.2.1.3.2a,1.3.2.1.3.2.1,1,
1.3.2.1.3,1.3.2.1.3.3,3,
1.3.2.1.3a,1.3.2.1.3.3,3,
1.3.2.1.3,1.3.2.1.3.4,4,
1.3.2.1.3a,1.3.2.1.3.4,4,
1.3.2,1.3.2.2,2,
1.3.2a,1.3.2.2,2,
1.3,1.3.3,3,
1.3a,1.3.3,3,
1.3,1.3.4,4,
1.3a,1.3.4,4,
1.3.4,1.3.4.1,1,
1.3.4a,1.3.4.1,1,
1.3.4,1.3.4.2,2,
1.3.4a,1.3.4.2,2,
1.3.4.2,1.3.4.2.1,1,
1.3.4.2a,1.3.4.2.1,1,
1.3.4.2,1.3.4.2.2,2,
1.3.4.2a,1.3.4.2.2,2,
1.3.4.2.2,1.3.4.2.2.1,1,
1.3.4.2.2a,1.3.4.2.2.1,1,
1.3.4.2.2.1,1.3.4.2.2.1.1,1,
1.3.4.2.2.1a,1.3.4.2.2.1.1,1,
1.3.4.2.2,1.3.4.2.2.2,2,
1.3.4.2.2a,1.3.4.2.2.2,2,
1.3.4.2.2,1.3.4.2.2.3,3,
1.3.4.2.2a,1.3.4.2.2.3,3,
1.3.4.2.2,1.3.4.2.2.4,4,
1.3.4.2.2a,1.3.4.2.2.4,4,
1.3.4,1.3.4.3,3,
1.3.4a,1.3.4.3,3,
1.3.4.3,1.3.4.3.1,1,
1.3.4.3a,1.3.4.3.1,1,
1.3.4.3.1,1.3.4.3.1.1,1,
1.3.4.3.1a,1.3.4.3.1.1,1,
1.3.4.3.1,1.3.4.3.1.2,2,
1.3.4.3.1a,1.3.4.3.1.2,2,
1.3.4.3,1.3.4.3.2,2,
1.3.4.3a,1.3.4.3.2,2,
1.3.4.3.2,1.3.4.3.2.1,1,
1.3.4.3.2a,1.3.4.3.2.1,1,
1.3.4.3.2,1.3.4.3.2.2,2,
1.3.4.3.2a,1.3.4.3.2.2,2,
1.3.4.3.2,1.3.4.3.2.3,3,
1.3.4.3.2a,1.3.4.3.2.3,3,
1.3.4.3.2,1.3.4.3.2.4,4,
1.3.4.3.2a,1.3.4.3.2.4,4,
1.3.4.3,1.3.4.3.3,3,
1.3.4.3a,1.3.4.3.3,3,
1.3.4.3.3,1.3.4.3.3.1,1,
1.3.4.3.3a,1.3.4.3.3.1,1,
1.3.4.3.3,1.3.4.3.3.2,2,
1.3.4.3.3b,1.3.4.3.3.2,2,
1.3.4,1.3.4.4,4,
1.3.4a,1.3.4.4,4,
1.3.4,1.3.4.5,5,
1.3.4a,1.3.4.5,5,
1.3.4.5,1.3.4.5.1,1,
1.3.4.5a,1.3.4.5.1,1,
1.3.4.5,1.3.4.5.2,2,
1.3.4.5a,1.3.4.5.2,2,
1.3.4.5,1.3.4.5.3,3,
1.3.4.5a,1.3.4.5.3,3,
1.3.4.5.3,1.3.4.5.3.1,1,
1.3.4.5.3a,1.3.4.5.3.1,1,
1.3.4,1.3.4.6,6,
1.3.4a,1.3.4.6,6,
1.3,1.3.5,5,
1.3a,1.3.5,5,
1.3.5,1.3.5.1,1,
1.3.5a,1.3.5.1,1,
1.3.5.1,1.3.5.1.1,1,
1.3.5.1a,1.3.5.1.1,1,
1.3.5.1,1.3.5.1.2,2,
1.3.5.1a,1.3.5.1.2,2,
1.3.5.1,1.3.5.1.3,3,
1.3.5.1a,1.3.5.1.3,3,
1.3.5.1.3,1.3.5.1.3.1,1,
1.3.5.1.3a,1.3.5.1.3.1,1,
1.3.5.1.3,1.3.5.1.3.2,2,
1.3.5.1.3a,1.3.5.1.3.2,2,
1.3.5,1.3.5.2,2,
1.3.5a,1.3.5.2,2,
1.3.5,1.3.5.3,3,
1.3.5a,1.3.5.3,3,
1.3.5.3,1.3.5.3.1,1,
1.3.5.3a,1.3.5.3.1,1,
1.3.5.3.1,1.3.5.3.1.1,1,
1.3.5.3.1a,1.3.5.3.1.1,1,
1.3.5.3.1,1.3.5.3.1.2,2,
1.3.5.3.1a,1.3.5.3.1.2,2,
1.3.5.3,1.3.5.3.2,2,
1.3.5.3a,1.3.5.3.2,2,
1.3.5.3.2,1.3.5.3.2.1,1,
1.3.5.3.2a,1.3.5.3.2.1,1,
1.3.5.3.2,1.3.5.3.2.2,2,
1.3.5.3.2a,1.3.5.3.2.2,2,
1.3.5.3,1.3.5.3.3,3,
1.3.5.3a,1.3.5.3.3,3,
1.3.5.3.3,1.3.5.3.3.1,1,
1.3.5.3.3a,1.3.5.3.3.1,1,
1.3.5,1.3.5.4,4,
1.3.5a,1.3.5.4,4,
1.3.5.4,1.3.5.4.1,1,
1.3.5.4a,1.3.5.4.1,1,
1.3.5.4.1,1.3.5.4.1.1,1,
1.3.5.4.1a,1.3.5.4.1.1,1,
1.3.5.4.1,1.3.5.4.1.2,2,
1.3.5.4.1a,1.3.5.4.1.2,2,
1.3.5.4,1.3.5.4.2,2,
1.3.5.4a,1.3.5.4.2,2,
1.3.5.4.2,1.3.5.4.2.1,1,
1.3.5.4.2a,1.3.5.4.2.1,1,
1.3.5.4.2,1.3.5.4.2.2,2,
1.3.5.4.2a,1.3.5.4.2.2,2,
1.3.5.4.2,1.3.5.4.2.3,3,
1.3.5.4.2a,1.3.5.4.2.3,3,
1.3.5.4.2,1.3.5.4.2.4,4,
1.3.5.4.2a,1.3.5.4.2.4,4,
1.3.5.4.2,1.3.5.4.2.5,5,
1.3.5.4.2a,1.3.5.4.2.5,5,
1.3.5.4,1.3.5.4.3,3,
1.3.5.4a,1.3.5.4.3,3,
1.3.5.4.3,1.3.5.4.3.1,1,
1.3.5.4.3a,1.3.5.4.3.1,1,
1.3.5.4.3,1.3.5.4.3.2,2,
1.3.5.4.3a,1.3.5.4.3.2,2,
1.3.5.4.3,1.3.5.4.3.3,3,
1.3.5.4.3a,1.3.5.4.3.3,3,
1.3.5,1.3.5.5,5,
1.3.5a,1.3.5.5,5,
1.3.5.5,1.3.5.5.1,1,
1.3.5.5a,1.3.5.5.1,1,
1.3.5.5.1,1.3.5.5.1.1,1,
1.3.5.5.1a,1.3.5.5.1.1,1,
1.3.5.5,1.3.5.5.2,2,
1.3.5.5a,1.3.5.5.2,2,
1.3.5,1.3.5.6,6,
1.3.5a,1.3.5.6,6,
1.3.5.6,1.3.5.6.1,1,
1.3.5.6a,1.3.5.6.1,1,
1.3.5.6.1,1.3.5.6.1.1,1,
1.3.5.6.1a,1.3.5.6.1.1,1,
1.3.5.6.1,1.3.5.6.1.2,2,
1.3.5.6.1a,1.3.5.6.1.2,2,
1.3.5.6,1.3.5.6.2,2,
1.3.5.6a,1.3.5.6.2,2,
1.3.5.6.2,1.3.5.6.2.1,1,
1.3.5.6.2a,1.3.5.6.2.1,1,
1.3.5.6.2,1.3.5.6.2.2,2,
1.3.5.6.2a,1.3.5.6.2.2,2,
1.3.5.6,1.3.5.6.3,3,
1.3.5.6a,1.3.5.6.3,3,
1.3.5.6.3,1.3.5.6.3.1,1,
1.3.5.6.3a,1.3.5.6.3.1,1,
1.3.5.6,1.3.5.6.4,4,
1.3.5.6a,1.3.5.6.4,4,
1.3,1.3.6,6,
1.3a,1.3.6,6,
1.3,1.3.7,7,
1.3a,1.3.7,7,
1.3.7,1.3.7.1,1,
1.3.7a,1.3.7.1,1,
1.3.7.1,1.3.7.1.1,1,
1.3.7.1a,1.3.7.1.1,1,
1.3.7.1,1.3.7.1.2,2,
1.3.7.1a,1.3.7.1.2,2,
1.3.7.1.2,1.3.7.1.2.1,1,
1.3.7.1.2a,1.3.7.1.2.1,1,
1.3.7.1.2,1.3.7.1.2.2,2,
1.3.7.1.2a,1.3.7.1.2.2,2,
1.3.7.1,1.3.7.1.3,3,
1.3.7.1a,1.3.7.1.3,3,
1.3.7.1.3,1.3.7.1.3.1,1,
1.3.7.1.3a,1.3.7.1.3.1,1,
1.3.7.1.3,1.3.7.1.3.2,2,
1.3.7.1.3a,1.3.7.1.3.2,2,
1.3.7.1,1.3.7.1.4,4,
1.3.7.1b,1.3.7.1.4,4,
1.3.7,1.3.7.2,2,
1.3.7a,1.3.7.2,2,
1.3.7.2,1.3.7.2.1,1,
1.3.7.2a,1.3.7.2.1,1,
1.3.7.2.1,1.3.7.2.1.1,1,
1.3.7.2.1a,1.3.7.2.1.1,1,
1.3.7.2.1,1.3.7.2.1.2,2,
1.3.7.2.1a,1.3.7.2.1.2,2,
1.3.7.2.1,1.3.7.2.1.3,3,
1.3.7.2.1a,1.3.7.2.1.3,3,
1.3.7.2.1,1.3.7.2.1.4,4,
1.3.7.2.1a,1.3.7.2.1.4,4,
1.3.7.2,1.3.7.2.2,2,
1.3.7.2a,1.3.7.2.2,2,
1.3.7.2.2,1.3.7.2.2.1,1,
1.3.7.2.2a,1.3.7.2.2.1,1,
1.3.7.2.2,1.3.7.2.2.2,2,
1.3.7.2.2a,1.3.7.2.2.2,2,
1.3.7.2.2,1.3.7.2.2.3,3,
1.3.7.2.2a,1.3.7.2.2.3,3,
1.3.7.2,1.3.7.2.3,3,
1.3.7.2a,1.3.7.2.3,3,
1.3.7.2.3,1.3.7.2.3.1,1,
1.3.7.2.3a,1.3.7.2.3.1,1,
1.3.7.2.3,1.3.7.2.3.2,2,
1.3.7.2.3a,1.3.7.2.3.2,2,
1.3.7.2.3,1.3.7.2.3.3,3,
1.3.7.2.3a,1.3.7.2.3.3,3,
1.3.7.2.3,1.3.7.2.3.4,4,
1.3.7.2.3a,1.3.7.2.3.4,4,
1.3.7.2,1.3.7.2.4,4,
1.3.7.2a,1.3.7.2.4,4,
1.3.7.2.4,1.3.7.2.4.1,1,
1.3.7.2.4a,1.3.7.2.4.1,1,
1.3.7.2.4,1.3.7.2.4.2,2,
1.3.7.2.4a,1.3.7.2.4.2,2,
1.3.7.2.4,1.3.7.2.4.3,3,
1.3.7.2.4a,1.3.7.2.4.3,3,
1.3,1.3.8,8,
1.3a,1.3.8,8,
1.3.8,1.3.8.1,1,
1.3.8a,1.3.8.1,1,
1.3.8.1,1.3.8.1.1,1,
1.3.8.1a,1.3.8.1.1,1,
1.3.8.1.1,1.3.8.1.1.1,1,
1.3.8.1.1a,1.3.8.1.1.1,1,
1.3.8.1.1,1.3.8.1.1.2,2,
1.3.8.1.1a,1.3.8.1.1.2,2,
1.3.8.1.1,1.3.8.1.1.3,3,
1.3.8.1.1a,1.3.8.1.1.3,3,
1.3.8.1,1.3.8.1.2,2,
1.3.8.1a,1.3.8.1.2,2,
1.3.8,1.3.8.2,2,
1.3.8a,1.3.8.2,2,
1.3.8.2,1.3.8.2.1,1,
1.3.8.2a,1.3.8.2.1,1,
1.3.8.2.1,1.3.8.2.1.1,1,
1.3.8.2.1a,1.3.8.2.1.1,1,
1.3.8.2.1,1.3.8.2.1.2,2,
1.3.8.2,1.3.8.2.2,2,
1.3.8.2a,1.3.8.2.2,2,
1.3.8.2.2,1.3.8.2.2.1,1,
1.3.8.2.2a,1.3.8.2.2.1,1,
1.3.8.2.2,1.3.8.2.2.2,2,
1.3.8.2.2a,1.3.8.2.2.2,2,
1.3.8.2,1.3.8.2.3,3,
1.3.8.2a,1.3.8.2.3,3,
1.3.8.2.3,1.3.8.2.3.1,1,
1.3.8.2.3a,1.3.8.2.3.1,1,
1.3,1.3.9,9,
1.3a,1.3.9,9,
1.3.9,1.3.9.1,1,
1.3.9a,1.3.9.1,1,
1.3.9.1,1.3.9.1.1,1,
1.3.9.1a,1.3.9.1.1,1,
1.3.9.1,1.3.9.1.2,2,
1.3.9.1a,1.3.9.1.2,2,
1.3.9,1.3.9.2,2,
1.3.9a,1.3.9.2,2,
1.3.9.2,1.3.9.2.1,1,
1.3.9.2a,1.3.9.2.1,1,
1.3.9.2.1,1.3.9.2.1.1,1,
1.3.9.2.1a,1.3.9.2.1.1,1,
1.3.9.2.1.1,1.3.9.2.1.1.1,1,
1.3.9.2.1.1a,1.3.9.2.1.1.1,1,
1.3.9.2.1.1,1.3.9.2.1.1.2,2,
1.3.9.2.1.1a,1.3.9.2.1.1.2,2,
1.3.9.2.1.1,1.3.9.2.1.1.3,3,
1.3.9.2.1.1a,1.3.9.2.1.1.3,3,
1.3.9.2.1,1.3.9.2.1.2,2,
1.3.9.2.1a,1.3.9.2.1.2,2,
1.3.9.2,1.3.9.2.2,2,
1.3.9.2a,1.3.9.2.2,2,
1.3.9.2.2,1.3.9.2.2.1,1,
1.3.9.2.2a,1.3.9.2.2.1,1,
1.3.9.2.2,1.3.9.2.2.2,2,
1.3.9.2.2a,1.3.9.2.2.2,2,
1.3.9.2.2,1.3.9.2.2.3,3,
1.3.9.2.2a,1.3.9.2.2.3,3,
1.3.9.2.2,1.3.9.2.2.4,4,
1.3.9.2.2a,1.3.9.2.2.4,4,
1.3.9.2,1.3.9.2.3,3,
1.3.9.2a,1.3.9.2.3,3,
1.3.9.2.3,1.3.9.2.3.1,1,
1.3.9.2.3a,1.3.9.2.3.1,1,
1.3.9.2.3,1.3.9.2.3.2,2,
1.3.9.2.3a,1.3.9.2.3.2,2,
1.3.9.2.3,1.3.9.2.3.3,3,
1.3.9.2.3a,1.3.9.2.3.3,3,
1.3.9.2.3,1.3.9.2.3.4,4,
1.3.9.2.3a,1.3.9.2.3.4,4,
1.3.9.2.3,1.3.9.2.3.5,5,
1.3.9.2.3a,1.3.9.2.3.5,5,
1.3.9.2,1.3.9.2.4,4,
1.3.9.2a,1.3.9.2.4,4,
1.3.9.2.4,1.3.9.2.4.1,1,
1.3.9.2.4a,1.3.9.2.4.1,1,
1.3.9.2.4,1.3.9.2.4.2,2,
1.3.9.2.4a,1.3.9.2.4.2,2,
1.3.9,1.3.9.3,3,
1.3.9a,1.3.9.3,3,
1.3.9.3,1.3.9.3.1,1,
1.3.9.3a,1.3.9.3.1,1,
1.3.9.3.1,1.3.9.3.1.1,1,
1.3.9.3.1b,1.3.9.3.1.1,1,
1.3.9.3.1,1.3.9.3.1.2,2,
1.3.9.3.1b,1.3.9.3.1.2,2,
1.3.9.3,1.3.9.3.2,2,
1.3.9.3a,1.3.9.3.2,2,
1.3.9.3.2,1.3.9.3.2.1,1,
1.3.9.3.2a,1.3.9.3.2.1,1,
1.3.9.3.2,1.3.9.3.2.2,2,
1.3.9.3.2a,1.3.9.3.2.2,2,
1.3.9.3,1.3.9.3.3,3,
1.3.9.3b,1.3.9.3.3,3,
1.3.9.3.3,1.3.9.3.3.1,1,
1.3.9.3.3a,1.3.9.3.3.1,1,
1.3.9.3.3.1,1.3.9.3.3.1.1,1,
1.3.9.3.3.1a,1.3.9.3.3.1.1,1,
1.3.9.3.3,1.3.9.3.3.2,2,
1.3.9.3.3a,1.3.9.3.3.2,2,
1.3.9.3.3,1.3.9.3.3.3,3,
1.3.9.3.3a,1.3.9.3.3.3,3,
1.3.9.3,1.3.9.3.4,4,
1.3.9.3b,1.3.9.3.4,4,
1.3.9.3.4,1.3.9.3.4.1,1,
1.3.9.3.4a,1.3.9.3.4.1,1,
1.3.9.3.4b,1.3.9.3.4.1,1,TRUE
1.3.9.3.4,1.3.9.3.4.2,2,
1.3.9.3.4a,1.3.9.3.4.2,2,
1.3.9.3.4b,1.3.9.3.4.2,2,TRUE
1.3.9.3.4,1.3.9.3.4.3,3,
1.3.9.3.4a,1.3.9.3.4.3,3,
1.3.9.3.4b,1.3.9.3.4.3,3,TRUE
1.3,1.3.10,10,
1.3a,1.3.10,10,
1.3,1.3.11,11,
1.3a,1.3.11,11,
1.3.11,1.3.11.1,1,
1.3.11a,1.3.11.1,1,
1.3.11.1,1.3.11.1.1,1,
1.3.11.1a,1.3.11.1.1,1,
1.3.11.1.1,1.3.11.1.1.1,1,
1.3.11.1.1a,1.3.11.1.1.1,1,
1.3.11.1.1,1.3.11.1.1.2,2,
1.3.11.1.1a,1.3.11.1.1.2,2,
1.3.11.1,1.3.11.1.2,2,
1.3.11.1a,1.3.11.1.2,2,
1.3.11.1.2,1.3.11.1.2.1,1,
1.3.11.1.2a,1.3.11.1.2.1,1,
1.3.11,1.3.11.2,2,
1.3.11a,1.3.11.2,2,
1.3.11.2,1.3.11.2.1,1,
1.3.11.2a,1.3.11.2.1,1,
1.3.11.2.1,1.3.11.2.1.1,1,
1.3.11.2.1a,1.3.11.2.1.1,1,
1.3.11.2.1,1.3.11.2.1.2,2,
1.3.11.2.1a,1.3.11.2.1.2,2,
1.3.11.2,1.3.11.2.2,2,
1.3.11.2a,1.3.11.2.2,2,
1.3.11.2.2,1.3.11.2.2.1,1,
1.3.11.2.2a,1.3.11.2.2.1,1,
1.3.11.2.2,1.3.11.2.2.2,2,
1.3.11.2.2a,1.3.11.2.2.2,2,
1.3.11.2,1.3.11.2.3,3,
1.3.11.2a,1.3.11.2.3,3,
1.3.11.2.3,1.3.11.2.3.1,1,
1.3.11.2.3a,1.3.11.2.3.1,1,
1.3.11.2.3,1.3.11.2.3.2,2,
1.3.11.2.3a,1.3.11.2.3.2,2,
1,1.4,4,
1a,1.4,4,
1,1.5,5,
1a,1.5,5,
1.5,1.5.1,1,
1.5a,1.5.1,1,
1.5,1.5.2,2,
1.5a,1.5.2,2,
1.5.2,1.5.2.1,1,
1.5.2a,1.5.2.1,1,
1.5.2.1,1.5.2.1.1,1,
1.5.2.1a,1.5.2.1.1,1,
1.5.2.1.1,1.5.2.1.1.1,1,
1.5.2.1.1a,1.5.2.1.1.1,1,
1.5.2.1,1.5.2.1.2,2,
1.5.2.1a,1.5.2.1.2,2,
1.5.2.1.2,1.5.2.1.2.1,1,
1.5.2.1.2a,1.5.2.1.2.1,1,
1.5.2.1.2,1.5.2.1.2.2,2,
1.5.2.1.2a,1.5.2.1.2.2,2,
1.5.2.1,1.5.2.1.3,3,
1.5.2.1a,1.5.2.1.3,3,
1.5.2.1.3,1.5.2.1.3.1,1,
1.5.2.1.3a,1.5.2.1.3.1,1,
1.5.2.1.3,1.5.2.1.3.2,2,
1.5.2.1.3a,1.5.2.1.3.2,2,
1.5.2.1,1.5.2.1.4,4,
1.5.2.1a,1.5.2.1.4,4,
1.5.2.1.4,1.5.2.1.4.1,1,
1.5.2.1.4a,1.5.2.1.4.1,1,
1.5.2.1.4,1.5.2.1.4.2,2,
1.5.2.1.4a,1.5.2.1.4.2,2,
1.5.2.1.4,1.5.2.1.4.3,3,
1.5.2.1.4a,1.5.2.1.4.3,3,
1.5.2,1.5.2.2,2,
1.5.2a,1.5.2.2,2,
1.5.2.2,1.5.2.2.1,1,
1.5.2.2a,1.5.2.2.1,1,
1.5.2.2.1,1.5.2.2.1.1,1,
1.5.2.2.1a,1.5.2.2.1.1,1,
1.5.2.2.1,1.5.2.2.1.2,2,
1.5.2.2.1a,1.5.2.2.1.2,2,
1.5.2.2.1,1.5.2.2.1.3,3,
1.5.2.2.1a,1.5.2.2.1.3,3,
1.5.2.2,1.5.2.2.2,2,
1.5.2.2a,1.5.2.2.2,2,
1.5.2.2.2,1.5.2.2.2.1,1,
1.5.2.2.2a,1.5.2.2.2.1,1,
1.5.2.2.2.1,1.5.2.2.2.1.1,1,
1.5.2.2.2.1a,1.5.2.2.2.1.1,1,
1.5.2.2.2.1,1.5.2.2.2.1.2,2,
1.5.2.2.2.1a,1.5.2.2.2.1.2,2,
1.5.2.2.2,1.5.2.2.2.2,2,
1.5.2.2.2a,1.5.2.2.2.2,2,
1.5.2.2.2.2,1.5.2.2.2.2.1,1,
1.5.2.2.2.2a,1.5.2.2.2.2.1,1,
1.5.2.2.2,1.5.2.2.2.3,3,
1.5.2.2.2a,1.5.2.2.2.3,3,
1.5.2.2.2.3,1.5.2.2.2.3.1,1,
1.5.2.2.2.3a,1.5.2.2.2.3.1,1,
1.5.2.2.2.3,1.5.2.2.2.3.2,2,
1.5.2.2.2.3a,1.5.2.2.2.3.2,2,
1.5.2.2,1.5.2.2.3,3,
1.5.2.2a,1.5.2.2.3,3,
1.5.2.2.3,1.5.2.2.3.1,1,
1.5.2.2.3a,1.5.2.2.3.1,1,
1.5.2.2.3.1,1.5.2.2.3.1.1,1,
1.5.2.2.3.1a,1.5.2.2.3.1.1,1,
1.5.2.2.3.1,1.5.2.2.3.1.2,2,
1.5.2.2.3.1a,1.5.2.2.3.1.2,2,
1.5.2.2.3,1.5.2.2.3.2,2,
1.5.2.2.3a,1.5.2.2.3.2,2,
1.5.2.2.3,1.5.2.2.3.3,3,
1.5.2.2.3a,1.5.2.2.3.3,3,
1.5.2.2.3.3,1.5.2.2.3.3.1,1,
1.5.2.2.3.3a,1.5.2.2.3.3.1,1,
1.5.2.2,1.5.2.2.4,4,
1.5.2.2a,1.5.2.2.4,4,
1.5.2.2.4,1.5.2.2.4.1,1,
1.5.2.2.4a,1.5.2.2.4.1,1,
1.5.2.2.4.1,1.5.2.2.4.1.1,1,
1.5.2.2.4.1a,1.5.2.2.4.1.1,1,
1.5.2.2.4.1,1.5.2.2.4.1.2,2,
1.5.2.2.4.1a,1.5.2.2.4.1.2,2,
1.5.2.2.4,1.5.2.2.4.2,2,
1.5.2.2.4a,1.5.2.2.4.2,2,
1.5.2.2.4.2,1.5.2.2.4.2.1,1,
1.5.2.2.4.2a,1.5.2.2.4.2.1,1,
1.5.2.2.4.2,1.5.2.2.4.2.2,2,
1.5.2.2.4.2a,1.5.2.2.4.2.2,2,
1.5.2.2.4.2,1.5.2.2.4.2.3,3,
1.5.2.2.4.2a,1.5.2.2.4.2.3,3,
1.5.2.2.4.2,1.5.2.2.4.2.4,4,
1.5.2.2.4.2b,1.5.2.2.4.2.4,4,
1.5.2.2.4.2,1.5.2.2.4.2.5,5,
1.5.2.2.4.2b,1.5.2.2.4.2.5,5,
1.5.2.2.4,1.5.2.2.4.3,3,
1.5.2.2.4a,1.5.2.2.4.3,3,
1.5.2.2.4.3,1.5.2.2.4.3.1,1,
1.5.2.2.4.3a,1.5.2.2.4.3.1,1,
1.5.2.2.4.3,1.5.2.2.4.3.2,2,
1.5.2.2.4.3a,1.5.2.2.4.3.2,2,
1.5.2.2.4,1.5.2.2.4.4,4,
1.5.2.2.4a,1.5.2.2.4.4,4,
1.5.2.2.4.4,1.5.2.2.4.4.1,1,
1.5.2.2.4.4a,1.5.2.2.4.4.1,1,
1.5.2.2.4.4,1.5.2.2.4.4.2,2,
1.5.2.2.4.4a,1.5.2.2.4.4.2,2,
1.5.2.2.4.4,1.5.2.2.4.4.3,3,
1.5.2.2.4.4a,1.5.2.2.4.4.3,3,
1.5.2.2.4,1.5.2.2.4.5,5,
1.5.2.2.4a,1.5.2.2.4.5,5,
1.5.2.2.4.5,1.5.2.2.4.5.1,1,
1.5.2.2.4.5a,1.5.2.2.4.5.1,1,
1.5.2.2.4.5,1.5.2.2.4.5.2,2,
1.5.2.2.4.5a,1.5.2.2.4.5.2,2,
1.5.2.2.4,1.5.2.2.4.6,6,
1.5.2.2.4a,1.5.2.2.4.6,6,
1.5.2.2,1.5.2.2.5,5,
1.5.2.2a,1.5.2.2.5,5,
1.5.2.2.5,1.5.2.2.5.1,1,
1.5.2.2.5a,1.5.2.2.5.1,1,
1.5.2.2.5.1,1.5.2.2.5.1.1,1,
1.5.2.2.5.1a,1.5.2.2.5.1.1,1,
1.5.2.2.5.1,1.5.2.2.5.1.2,2,
1.5.2.2.5.1a,1.5.2.2.5.1.2,2,
1.5.2.2.5.1,1.5.2.2.5.1.3,3,
1.5.2.2.5.1a,1.5.2.2.5.1.3,3,
1.5.2.2.5,1.5.2.2.5.2,2,
1.5.2.2.5a,1.5.2.2.5.2,2,
1.5.2.2.5.2,1.5.2.2.5.2.1,1,
1.5.2.2.5.2a,1.5.2.2.5.2.1,1,
1.5.2.2.5.2,1.5.2.2.5.2.2,2,
1.5.2.2.5.2a,1.5.2.2.5.2.2,2,
1.5.2.2.5,1.5.2.2.5.3,3,
1.5.2.2.5a,1.5.2.2.5.3,3,
1.5.2.2.5.3,1.5.2.2.5.3.1,1,
1.5.2.2.5.3a,1.5.2.2.5.3.1,1,
1.5.2.2,1.5.2.2.6,6,
1.5.2.2a,1.5.2.2.6,6,
1.5.2.2.6,1.5.2.2.6.1,1,
1.5.2.2.6a,1.5.2.2.6.1,1,
1.5.2.2.6,1.5.2.2.6.2,2,
1.5.2.2.6a,1.5.2.2.6.2,2,
1.5.2.2.6,1.5.2.2.6.3,3,
1.5.2.2.6a,1.5.2.2.6.3,3,
1.5.2.2,1.5.2.2.7,7,
1.5.2.2a,1.5.2.2.7,7,
1.5.2.2.7,1.5.2.2.7.1,1,
1.5.2.2.7a,1.5.2.2.7.1,1,
1.5.2.2.7,1.5.2.2.7.2,2,
1.5.2.2.7a,1.5.2.2.7.2,2,
1.5.2.2,1.5.2.2.8,8,
1.5.2.2a,1.5.2.2.8,8,
1.5.2.2.8,1.5.2.2.8.1,1,
1.5.2.2.8a,1.5.2.2.8.1,1,
1.5.2.2.8,1.5.2.2.8.2,2,
1.5.2.2.8a,1.5.2.2.8.2,2,
1.5.2.2,1.5.2.2.9,9,
1.5.2.2a,1.5.2.2.9,9,
1.5.2.2.9,1.5.2.2.9.1,1,
1.5.2.2.9a,1.5.2.2.9.1,1,
1.5.2.2.9,1.5.2.2.9.2,2,
1.5.2.2.9a,1.5.2.2.9.2,2,
1.5.2,1.5.2.3,3,
1.5.2a,1.5.2.3,3,
1.5.2,1.5.2.4,4,
1.5.2a,1.5.2.4,4,
1.5.2.4,1.5.2.4.1,1,
1.5.2.4a,1.5.2.4.1,1,
1.5.2,1.5.2.5,5,
1.5.2a,1.5.2.5,5,
1.5,1.5.3,3,
1.5a,1.5.3,3,
1.5,1.5.4,4,
1.5a,1.5.4,4,
1.5,1.5.5,5,
1.5a,1.5.5,5,
1.5.5,1.5.5.1,1,
1.5.5a,1.5.5.1,1,
1.5.5,1.5.5.2,2,
1.5.5a,1.5.5.2,2,
1.5.5.2,1.5.5.2.1,1,
1.5.5.2a,1.5.5.2.1,1,
1.5.5.2.1,1.5.5.2.1.1,1,
1.5.5.2.1a,1.5.5.2.1.1,1,
1.5.5.2.1,1.5.5.2.1.2,2,
1.5.5.2.1a,1.5.5.2.1.2,2,
1.5.5.2,1.5.5.2.2,2,
1.5.5.2a,1.5.5.2.2,2,
1.5.5.2.2,1.5.5.2.2.1,1,
1.5.5.2.2a,1.5.5.2.2.1,1,
1.5.5.2.2,1.5.5.2.2.2,2,
1.5.5.2.2a,1.5.5.2.2.2,2,
1.5.5.2,1.5.5.2.3,3,
1.5.5.2a,1.5.5.2.3,3,
1.5.5.2.3,1.5.5.2.3.1,1,
1.5.5.2.3a,1.5.5.2.3.1,1,
1.5.5,1.5.5.3,3,
1.5.5a,1.5.5.3,3,
1.5.5.3,1.5.5.3.1,1,
1.5.5.3a,1.5.5.3.1,1,
1.5.5.3.1,1.5.5.3.1.1,1,
1.5.5.3.1a,1.5.5.3.1.1,1,
1.5.5.3.1,1.5.5.3.1.2,2,
1.5.5.3.1a,1.5.5.3.1.2,2,
1.5.5.3.1.2,1.5.5.3.1.2.1,1,
1.5.5.3.1.2a,1.5.5.3.1.2.1,1,
1.5.5.3,1.5.5.3.2,2,
1.5.5.3a,1.5.5.3.2,2,
1.5.5.3.2,1.5.5.3.2.1,1,
1.5.5.3.2a,1.5.5.3.2.1,1,
1.5.5,1.5.5.4,4,
1.5.5a,1.5.5.4,4,
1.5.5.4,1.5.5.4.1,1,
1.5.5.4a,1.5.5.4.1,1,
1.5.5.4.1,1.5.5.4.1.1,1,
1.5.5.4.1a,1.5.5.4.1.1,1,
1.5.5.4,1.5.5.4.2,2,
1.5.5.4a,1.5.5.4.2,2,
1.5.5.4.2,1.5.5.4.2.1,1,
1.5.5.4.2a,1.5.5.4.2.1,1,
1.5,1.5.6,6,
1.5a,1.5.6,6,
1.5,1.5.7,7,
1.5a,1.5.7,7,
1.5.7,1.5.7.1,1,
1.5.7a,1.5.7.1,1,
1.5.7.1,1.5.7.1.1,1,
1.5.7.1a,1.5.7.1.1,1,
1.5.7.1.1,1.5.7.1.1.1,1,
1.5.7.1.1a,1.5.7.1.1.1,1,
1.5.7.1.1,1.5.7.1.1.2,2,
1.5.7.1.1a,1.5.7.1.1.2,2,
1.5.7.1.1,1.5.7.1.1.3,3,
1.5.7.1.1a,1.5.7.1.1.3,3,
1.5.7.1.1,1.5.7.1.1.4,4,
1.5.7.1.1a,1.5.7.1.1.4,4,
1.5.7.1,1.5.7.1.2,2,
1.5.7.1a,1.5.7.1.2,2,
1.5.7.1.2,1.5.7.1.2.1,1,
1.5.7.1.2a,1.5.7.1.2.1,1,
1.5.7.1.2,1.5.7.1.2.2,2,
1.5.7.1.2a,1.5.7.1.2.2,2,
1.5.7.1,1.5.7.1.3,3,
1.5.7.1a,1.5.7.1.3,3,
1.5.7.1.3,1.5.7.1.3.1,1,
1.5.7.1.3a,1.5.7.1.3.1,1,
1.5.7.1.3,1.5.7.1.3.2,2,
1.5.7.1.3a,1.5.7.1.3.2,2,
1.5.7.1,1.5.7.1.4,4,
1.5.7.1a,1.5.7.1.4,4,
1.5.7.1.4,1.5.7.1.4.1,1,
1.5.7.1.4a,1.5.7.1.4.1,1,
1.5.7.1.4,1.5.7.1.4.2,2,
1.5.7.1.4a,1.5.7.1.4.2,2,
1.5.7.1,1.5.7.1.5,5,
1.5.7.1a,1.5.7.1.5,5,
1.5.7,1.5.7.2,2,
1.5.7a,1.5.7.2,2,
1.5.7.2,1.5.7.2.1,1,
1.5.7.2a,1.5.7.2.1,1,
1.5.7.2.1,1.5.7.2.1.1,1,
1.5.7.2.1a,1.5.7.2.1.1,1,
1.5.7.2.1,1.5.7.2.1.2,2,
1.5.7.2.1a,1.5.7.2.1.2,2,
1.5.7.2,1.5.7.2.2,2,
1.5.7.2a,1.5.7.2.2,2,
1.5.7.2,1.5.7.2.3,3,
1.5.7.2a,1.5.7.2.3,3,
1.5,1.5.8,8,
1.5a,1.5.8,8,
1.5.8,1.5.8.1,1,
1.5.8a,1.5.8.1,1,
1.5.8,1.5.8.2,2,
1.5.8a,1.5.8.2,2,
1.5.8.2,1.5.8.2.1,1,
1.5.8.2a,1.5.8.2.1,1,
1.5.8.2,1.5.8.2.2,2,
1.5.8.2a,1.5.8.2.2,2,
1.5.8,1.5.8.3,3,
1.5.8a,1.5.8.3,3,
1.5.8,1.5.8.4,4,
1.5.8a,1.5.8.4,4,
1.5.8.4,1.5.8.4.1,1,
1.5.8.4a,1.5.8.4.1,1,
1.5.8.4,1.5.8.4.2,2,
1.5.8.4a,1.5.8.4.2,2,
1.5.8.4,1.5.8.4.3,3,
1.5.8.4a,1.5.8.4.3,3,
1.5.8,1.5.8.5,5,
1.5.8a,1.5.8.5,5,
1.5.8.5,1.5.8.5.1,1,
1.5.8.5a,1.5.8.5.1,1,
1.5.8,1.5.8.6,6,
1.5.8a,1.5.8.6,6,
1.5.8.6,1.5.8.6.1,1,
1.5.8.6a,1.5.8.6.1,1,
1.5.8.6,1.5.8.6.2,2,
1.5.8.6a,1.5.8.6.2,2,
1.5,1.5.9,9,
1.5a,1.5.9,9,
1.5,1.5.10,10,
1.5a,1.5.10,10,
1.5.10,1.5.10.1,1,
1.5.10a,1.5.10.1,1,
1.5.10,1.5.10.2,2,
1.5.10a,1.5.10.2,2,
1.5.10,1.5.10.3,3,
1.5.10a,1.5.10.3,3,
1.5,1.5.11,11,
1.5a,1.5.11,11,
1.5.11,1.5.11.1,1,
1.5.11a,1.5.11.1,1,
1.5.11.1,1.5.11.1.1,1,
1.5.11.1a,1.5.11.1.1,1,
1.5.11.1.1,1.5.11.1.1.1,1,
1.5.11.1.1a,1.5.11.1.1.1,1,
1.5.11.1.1,1.5.11.1.1.2,2,
1.5.11.1.1a,1.5.11.1.1.2,2,
1.5.11.1,1.5.11.1.2,2,
1.5.11.1a,1.5.11.1.2,2,
1.5.11.1.2,1.5.11.1.2.1,1,
1.5.11.1.2a,1.5.11.1.2.1,1,
1.5.11.1.2,1.5.11.1.2.2,2,
1.5.11.1.2a,1.5.11.1.2.2,2,
1.5.11.1,1.5.11.1.3,3,
1.5.11.1a,1.5.11.1.3,3,
1.5.11.1,1.5.11.1.4,4,
1.5.11.1a,1.5.11.1.4,4,
1.5.11.1.4,1.5.11.1.4.1,1,
1.5.11.1.4a,1.5.11.1.4.1,1,
1.5.11.1.4,1.5.11.1.4.2,2,
1.5.11.1.4a,1.5.11.1.4.2,2,
1.5.11,1.5.11.2,2,
1.5.11a,1.5.11.2,2,
1.5.11.2,1.5.11.2.1,1,
1.5.11.2a,1.5.11.2.1,1,
1.5.11.2,1.5.11.2.2,2,
1.5.11.2a,1.5.11.2.2,2,
1.5.11.2,1.5.11.2.3,3,
1.5.11.2a,1.5.11.2.3,3,
1,1.6,6,
1a,1.6,6,
1.6,1.6.1,1,
1.6a,1.6.1,1,
1.6,1.6.2,2,
1.6a,1.6.2,2,
1.6,1.6.3,3,
1.6a,1.6.3,3,
1.6,1.6.4,4,
1.6a,1.6.4,4,
1,1.7,7,
1a,1.7,7,
1,1.8,8,
1a,1.8,8,
1.8,1.8.1,1,
1.8a,1.8.1,1,
1.8.1,1.8.1.1,1,
1.8.1a,1.8.1.1,1,
1.8.1.1,1.8.1.1.1,1,
1.8.1.1a,1.8.1.1.1,1,
1.8.1.1.1,1.8.1.1.1.1,1,
1.8.1.1.1a,1.8.1.1.1.1,1,
1.8.1.1,1.8.1.1.2,2,
1.8.1.1a,1.8.1.1.2,2,
1.8.1.1.2,1.8.1.1.2.1,1,
1.8.1.1.2a,1.8.1.1.2.1,1,
1.8.1.1.2,1.8.1.1.2.2,2,
1.8.1.1.2a,1.8.1.1.2.2,2,
1.8.1,1.8.1.2,2,
1.8.1a,1.8.1.2,2,
1.8.1.2,1.8.1.2.1,1,
1.8.1.2a,1.8.1.2.1,1,
1.8.1.2.1,1.8.1.2.1.1,1,
1.8.1.2.1a,1.8.1.2.1.1,1,
1.8.1.2,1.8.1.2.2,2,
1.8.1.2a,1.8.1.2.2,2,
1.8.1.2.2,1.8.1.2.2.1,1,
1.8.1.2.2a,1.8.1.2.2.1,1,
1.8.1.2.2,1.8.1.2.2.2,2,
1.8.1.2.2a,1.8.1.2.2.2,2,
1.8.1,1.8.1.3,3,
1.8.1a,1.8.1.3,3,
1.8,1.8.2,2,
1.8a,1.8.2,2,
1.8.2,1.8.2.1,1,
1.8.2a,1.8.2.1,1,
1.8.2.1,1.8.2.1.1,1,
1.8.2.1a,1.8.2.1.1,1,
1.8.2.1.1,1.8.2.1.1.1,1,
1.8.2.1.1a,1.8.2.1.1.1,1,
1.8.2.1.1.1,1.8.2.1.1.1.1,1,
1.8.2.1.1.1a,1.8.2.1.1.1.1,1,
1.8.2.1.1,1.8.2.1.1.2,2,
1.8.2.1.1a,1.8.2.1.1.2,2,
1.8.2.1,1.8.2.1.2,2,
1.8.2.1a,1.8.2.1.2,2,
1.8.2.1.2,1.8.2.1.2.1,1,
1.8.2.1.2a,1.8.2.1.2.1,1,
1.8.2.1.2,1.8.2.1.2.2,2,
1.8.2.1.2b,1.8.2.1.2.2,2,
1.8.2.1.2.2,1.8.2.1.2.2.1,1,
1.8.2.1.2.2a,1.8.2.1.2.2.1,1,
1.8.2.1.2.2,1.8.2.1.2.2.2,2,
1.8.2.1.2.2a,1.8.2.1.2.2.2,2,
1.8.2.1,1.8.2.1.3,3,
1.8.2.1a,1.8.2.1.3,3,
1.8.2.1.3,1.8.2.1.3.1,1,
1.8.2.1.3a,1.8.2.1.3.1,1,
1.8.2.1.3.1,1.8.2.1.3.1.1,1,
1.8.2.1.3.1a,1.8.2.1.3.1.1,1,
1.8.2.1.3.1,1.8.2.1.3.1.2,2,
1.8.2.1.3.1a,1.8.2.1.3.1.2,2,
1.8.2.1.3.1,1.8.2.1.3.1.3,3,
1.8.2.1.3.1a,1.8.2.1.3.1.3,3,
1.8.2.1.3,1.8.2.1.3.2,2,
1.8.2.1.3a,1.8.2.1.3.2,2,
1.8.2.1.3.2,1.8.2.1.3.2.1,1,
1.8.2.1.3.2a,1.8.2.1.3.2.1,1,
1.8.2.1.3.2,1.8.2.1.3.2.2,2,
1.8.2.1.3.2a,1.8.2.1.3.2.2,2,
1.8.2.1,1.8.2.1.4,4,
1.8.2.1a,1.8.2.1.4,4,
1.8.2.1,1.8.2.1.5,5,
1.8.2.1a,1.8.2.1.5,5,
1.8.2.1.5,1.8.2.1.5.1,1,
1.8.2.1.5a,1.8.2.1.5.1,1,
1.8.2,1.8.2.2,2,
1.8.2a,1.8.2.2,2,
1.8.2.2,1.8.2.2.1,1,
1.8.2.2a,1.8.2.2.1,1,
1.8.2.2,1.8.2.2.2,2,
1.8.2.2a,1.8.2.2.2,2,
1.8.2.2.2,1.8.2.2.2.1,1,
1.8.2.2.2a,1.8.2.2.2.1,1,
1.8.2.2.2,1.8.2.2.2.2,2,
1.8.2.2.2a,1.8.2.2.2.2,2,
1.8.2,1.8.2.3,3,
1.8.2a,1.8.2.3,3,
1.8.2.3,1.8.2.3.1,1,
1.8.2.3a,1.8.2.3.1,1,
1.8.2.3.1,1.8.2.3.1.1,1,
1.8.2.3.1a,1.8.2.3.1.1,1,
1.8.2.3.1,1.8.2.3.1.2,2,
1.8.2.3.1a,1.8.2.3.1.2,2,
1.8.2.3,1.8.2.3.2,2,
1.8.2.3a,1.8.2.3.2,2,
1.8.2.3.2,1.8.2.3.2.1,1,
1.8.2.3.2a,1.8.2.3.2.1,1,
1.8.2.3.2,1.8.2.3.2.2,2,
1.8.2.3.2a,1.8.2.3.2.2,2,
1.8.2.3.2,1.8.2.3.2.3,3,
1.8.2.3.2a,1.8.2.3.2.3,3,
1.8.2.3.2,1.8.2.3.2.4,4,
1.8.2.3.2a,1.8.2.3.2.4,4,
1.8.2,1.8.2.4,4,
1.8.2a,1.8.2.4,4,
1.8.2.4,1.8.2.4.1,1,
1.8.2.4a,1.8.2.4.1,1,
1.8.2.4.1,1.8.2.4.1.1,1,
1.8.2.4.1a,1.8.2.4.1.1,1,
1.8.2.4,1.8.2.4.2,2,
1.8.2.4a,1.8.2.4.2,2,
1.8.2.4.2,1.8.2.4.2.1,1,
1.8.2.4.2a,1.8.2.4.2.1,1,
1.8.2.4.2,1.8.2.4.2.2,2,
1.8.2.4.2a,1.8.2.4.2.2,2,
1.8.2.4,1.8.2.4.3,3,
1.8.2.4a,1.8.2.4.3,3,
1.8.2.4,1.8.2.4.4,4,
1.8.2.4a,1.8.2.4.4,4,
1.8.2.4.4,1.8.2.4.4.1,1,
1.8.2.4.4a,1.8.2.4.4.1,1,
1.8.2.4.4,1.8.2.4.4.2,2,
1.8.2.4.4a,1.8.2.4.4.2,2,
1.8.2.4,1.8.2.4.5,5,
1.8.2.4a,1.8.2.4.5,5,
1.8.2.4.5,1.8.2.4.5.1,1,
1.8.2.4.5a,1.8.2.4.5.1,1,
1.8.2.4.5,1.8.2.4.5.2,2,
1.8.2.4.5a,1.8.2.4.5.2,2,
1.8.2.4.5,1.8.2.4.5.3,3,
1.8.2.4.5a,1.8.2.4.5.3,3,
1.8.2.4,1.8.2.4.6,6,
1.8.2.4a,1.8.2.4.6,6,
1.8.2.4.6,1.8.2.4.6.1,1,
1.8.2.4.6a,1.8.2.4.6.1,1,
1.8.2.4.6,1.8.2.4.6.2,2,
1.8.2.4.6a,1.8.2.4.6.2,2,
1.8.2.4,1.8.2.4.7,7,
1.8.2.4a,1.8.2.4.7,7,
1.8.2.4.7,1.8.2.4.7.1,1,
1.8.2.4.7a,1.8.2.4.7.1,1,
1.8.2.4.7,1.8.2.4.7.2,2,
1.8.2.4.7a,1.8.2.4.7.2,2,
1.8.2.4,1.8.2.4.8,8,
1.8.2.4b,1.8.2.4.8,8,
1.8.2.4.8,1.8.2.4.8.1,1,
1.8.2.4.8a,1.8.2.4.8.1,1,
1.8.2.4.8,1.8.2.4.8.2,2,
1.8.2.4.8a,1.8.2.4.8.2,2,
1.8.2,1.8.2.5,5,
1.8.2a,1.8.2.5,5,
1.8.2.5,1.8.2.5.1,1,
1.8.2.5a,1.8.2.5.1,1,
1.8.2.5.1,1.8.2.5.1.1,1,
1.8.2.5.1a,1.8.2.5.1.1,1,
1.8.2.5,1.8.2.5.2,2,
1.8.2.5a,1.8.2.5.2,2,
1.8,1.8.3,3,
1.8a,1.8.3,3,
1.8,1.8.4,4,
1.8a,1.8.4,4,
1.8.4,1.8.4.1,1,
1.8.4a,1.8.4.1,1,
1.8.4.1,1.8.4.1.1,1,
1.8.4.1a,1.8.4.1.1,1,
1.8.4.1.1,1.8.4.1.1.1,1,
1.8.4.1.1a,1.8.4.1.1.1,1,
1.8.4,1.8.4.2,2,
1.8.4a,1.8.4.2,2,
1.8.4.2,1.8.4.2.1,1,
1.8.4.2a,1.8.4.2.1,1,
1.8.4.2,1.8.4.2.2,2,
1.8.4.2a,1.8.4.2.2,2,
1.8.4,1.8.4.3,3,
1.8.4a,1.8.4.3,3,
1.8.4.3,1.8.4.3.1,1,
1.8.4.3a,1.8.4.3.1,1,
1.8.4.3,1.8.4.3.2,2,
1.8.4.3a,1.8.4.3.2,2,
1.8.4,1.8.4.4,4,
1.8.4a,1.8.4.4,4,
1.8.4.4,1.8.4.4.1,1,
1.8.4.4a,1.8.4.4.1,1,
1.8.4.4,1.8.4.4.2,2,
1.8.4.4a,1.8.4.4.2,2,
1.8.4.4,1.8.4.4.3,3,
1.8.4.4a,1.8.4.4.3,3,
1.8,1.8.5,5,
1.8a,1.8.5,5,
1.8.5,1.8.5.1,1,
1.8.5a,1.8.5.1,1,
1.8.5.1,1.8.5.1.1,1,
1.8.5.1a,1.8.5.1.1,1,
1.8.5.1.1,1.8.5.1.1.1,1,
1.8.5.1.1a,1.8.5.1.1.1,1,
1.8.5.1.1,1.8.5.1.1.2,2,
1.8.5.1.1a,1.8.5.1.1.2,2,
1.8.5.1.1,1.8.5.1.1.3,3,
1.8.5.1.1a,1.8.5.1.1.3,3,
1.8.5.1.1,1.8.5.1.1.4,4,
1.8.5.1.1a,1.8.5.1.1.4,4,
1.8.5.1.1,1.8.5.1.1.5,5,
1.8.5.1.1a,1.8.5.1.1.5,5,
1.8.5.1,1.8.5.1.2,2,
1.8.5.1a,1.8.5.1.2,2,
1.8.5.1,1.8.5.1.3,3,
1.8.5.1a,1.8.5.1.3,3,
1.8.5.1.3,1.8.5.1.3.1,1,
1.8.5.1.3a,1.8.5.1.3.1,1,
1.8.5.1.3,1.8.5.1.3.2,2,
1.8.5.1.3a,1.8.5.1.3.2,2,
1.8.5.1.3,1.8.5.1.3.3,3,
1.8.5.1.3a,1.8.5.1.3.3,3,
1.8.5.1,1.8.5.1.4,4,
1.8.5.1a,1.8.5.1.4,4,
1.8.5,1.8.5.2,2,
1.8.5a,1.8.5.2,2,
1.8.5.2,1.8.5.2.1,1,
1.8.5.2a,1.8.5.2.1,1,
1.8.5.2.1,1.8.5.2.1.1,1,
1.8.5.2.1a,1.8.5.2.1.1,1,
1.8.5.2,1.8.5.2.2,2,
1.8.5.2a,1.8.5.2.2,2,
1.8.5.2,1.8.5.2.3,3,
1.8.5.2a,1.8.5.2.3,3,
1.8.5,1.8.5.3,3,
1.8.5a,1.8.5.3,3,
1.8.5.3,1.8.5.3.1,1,
1.8.5.3a,1.8.5.3.1,1,
1.8.5.3,1.8.5.3.2,2,
1.8.5.3a,1.8.5.3.2,2,
